,source,date,headline,content
0,TechBullion,"Dec 8, 2020",everything need know server space,"... cryptocurrencies whole world ) 2020 , everyone thinks ... cardano . 1.5k . cryptocurrency . feburary – march analysis cardano ( adausdt ) ."
1,Investing.com,"Dec 17, 2020","jabil ( jbl ) q1 earnings beat estimates , revenues rise y/y","andy hecht · cryptocurrency leaders : cardano polkadot , four six hit ... andy hecht - feb 18 , 2021 7 · analysis · central banks rates ..."
2,Investing.com UK,"Dec 21, 2020","us congress reaches deal covid-19 aid package , plans ...","cardano jumps 20.45 % bullish trade investing.com - feb 20 , 2021 ... cryptocurrency leaders : cardano polkadot , four six hit ... andy ..."
3,FXStreet,"Dec 12, 2020",cardano price prediction : bulls set recapture $ 0.15 mark beyond,cardano ( ada/usd ) looking extend early spike following brief consolidative stint last hours . bulls gearing next leg higher ...
4,U.Today,"Nov 2, 2020",cardano reaches major decentralization milestone,marks major decentralization milestone proof stake ( pos ) blockchain created ethereum cofounder iohk ceo charles hoskinson . cardano ...
5,Modern Consensus,"Nov 13, 2020",goertzel putting artificial intelligence decentralized finance,"singularitynet 's founder discusses new dao , sci-fi level coming crypto finance , frustration ethereum , embrace cardano . dylan love / ..."
6,newsbtc.com,"Oct 13, 2020",charted : cardano ( ) daily chart indicates significant bullish wave,cardano 's price surged main $ 0.1000 resistance level started strong increase . likely continue higher towards $ 0.1250 coming ...
7,Yahoo Finance,"Dec 3, 2020",rxn : better value stock right ?,... dogecoin army recruit gene simmons turns cardano adherent — 's whydelay pfizer covid-19 vaccine 's 2nd inoculation boost supply ?
8,Cointelegraph,"Dec 8, 2020",defi could coming cardano,"defi could coming cardano . iohk 's project catalyst names liqwid potential candidate receive $ 250,000 funding . 18880 ..."
9,FXStreet,"Nov 30, 2020",cardano price forecast : sits no-trade zone momentum builds,cardano price currently bounded inside parallel channel hourly chart . bollinger bands squeezing indicates significant breakout could happen soon .
10,AMBCrypto,1 month ago,"cardano , tron , vechain price analysis : 29 december","bitcoin breached $ 27,000 resistance , minor correction soon followed . however , pullback enough deter cardano vechain ..."
11,Benzinga,"Dec 17, 2020","ethereum , cardano & band protocol - american wrap : 12/17 ...","cardano price 13 % since wednesday , means bulls still lot room upside . cardano established crucial resistance level ..."
12,AMBCrypto,1 month ago,"‘ consider ethereum classic child , ’ says cardano ’ hoskinson","' consider ethereum classic child , ' says cardano 's hoskinson . samyuktha sriram . published . 2 months ago . . december 31 , 2020 ."
13,Brave New Coin,"Dec 2, 2020",cardano price analysis - fundamental indicators rise ...,"cardano ( ) smart contract platform focused peer-review scientific study , marketed “ third generation blockchain. ” cardano price ..."
14,Crypto Mode,"Oct 26, 2020",5 recent cardano developments may missed ...,"cardano us congress often , exactly beneficial crypto blockchain projects attract attention regulators . · defi coming ..."
15,AMBCrypto,"Dec 26, 2020","ethereum , ethereum classic , cardano price analysis : 25 december","bitcoin noted gain price , altcoins ethereum , ethereum classic cardano followed suit rose along broader market ."
16,Crypto News Flash,"Nov 23, 2020",cardano : hoskinson wants reach 1 billion users via community hubs,"charles hoskinson reveals dream building cardano community hubs across continents world . hopes 2025 , cardano would able ..."
17,iNVEZZ,"Oct 24, 2020",cardano ’ charles hoskinson furious due political emails,"cardano 's ceo , charles hoskinson , recently received political email expensify 's ceo . soon enough , discovered true ..."
18,Decrypt,"Nov 20, 2020",cardano ’ charles hoskinson : crypto work together,cardano 's charles hoskinson : crypto work together . cardano founder explained blockchain projects strive interoperability ...
19,Investing.com,"Dec 23, 2020",cardano falls 12 % rout investing.com,"highest , cardano 's market cap $ 23.917000b . cardano traded range $ 0.141072 $ 0.157753 previous twenty-four hours . past ..."
20,The Daily Hodl,"Oct 7, 2020","top trader bracing bitcoin ethereum reversals , warns cardano , zilliqa , polkadot vechain crosshairs",crypto analyst keeping tabs cardano ( ) . says ethereum competitor poised lose 33 % value current price $ 0.09 ...
21,FXStreet,"Oct 30, 2020",price poised rebound cardano community prepares goguen,"native tokens coming cardano , goguen mainnet set launch february 2021. official roadmap cardano divided five categories ..."
22,TWJ News,"Nov 7, 2020",cardano rolls latest version daedalus ( 2.4.1 ),lot happening input output hk cardano . platform 's daedalus wallet work progress . platform ...
23,Coindesk,"Dec 5, 2020",cardano launch hard fork next major development phase - coindesk,"dubbed “ goguen , ” third phase focused protocol 's integration smart contracts building cardano 's foundation decentralizing ..."
24,https://bitnewstoday.com/,"Nov 17, 2020",cardano goguen update details,"according dimitris poulpoulous volodymyr hulchenko , greatest progress terms work cardano update achieved ..."
25,Yahoo Finance,1 month ago,"ethereum , cardano & polkadot - american wrap december 28 , 2020",cardano trading inside parallel channel month 's getting closer breakout . bulls managed secure several critical support ...
26,AMBCrypto,"Dec 25, 2020","lack stablecoin regulations could ‘ dangerous , ’ says cardano ’ hoskinson","lack stablecoin regulations could 'dangerous , ' says cardano 's hoskinson . namrata shukla . published . 2 months ago . . december 25 , 2020 ."
27,Forex Crunch,"Dec 21, 2020",cardano price prediction : no-trade zone momentum builds high ...,cardano price contained inside symmetrical triangle pattern 12-hour chart . · digital asset trades right middle pattern awaiting clarity . · ...
28,FXStreet,"Dec 3, 2020","cardano price verge massive move , suggests critical indicator","cardano price contained inside ascending triangle pattern 4-hour chart , ready burst . breakout breakdown likely drive 30 % ..."
29,Crypto News Flash,"Nov 27, 2020",cardano : iohk reports goguen ’ progress hfc december,cardano 's progress erc20 converter . interesting tools production cardano ethereum erc20 token converter . tool ...
30,FXStreet,"Oct 28, 2020",cardano price forecast : drops 6.50 % following rejection $ 0.11 resistance line,cardano dropped $ 0.11 $ 0.103 october 23 october 28 . · verge flashing buy signal 12-hour chart red ...
32,CryptoNinjas,"Dec 10, 2020",bondly first defi project enabled cardano blockchain,"initial projects include moving bondly 's cryptocurrency cardano , building e-commerce marketplaces make trading digital assets simpler ..."
33,Benzinga,1 month ago,"ripple , cardano & chainlink - american wrap december ...","cardano price major 13 % jump clear breakout ascending triangle pattern 12-hour chart . despite significant pump , seems ..."
34,AMBCrypto,"Nov 25, 2020",cardano short-term price analysis : 25 november,"attaining new $ 0.1835 yesterday , cardano currently minor decline short-term chart . collective market still bullish , little bit neutrality ..."
35,Live Bitcoin News,"Dec 8, 2020",cardano ( ) price analysis : signs bearish breakdown,cardano price started downside correction failed surpass $ 0.1740 resistance us dollar . ada/usd pair traded $ 0.1700 ...
36,https://cryptohamster.org/,"Oct 23, 2020",индустрии криптовалют восторге последних ...,"... « дурак » станет искать нефиатные инвестиции · 19.02.2021 виктория ляпота 0 · джин симмонс сказал , добавил свои сумки cardano ..."
37,BeInCrypto,"Oct 30, 2020",cardano ( ) fails overtake crucial resistance level,cardano ( ) failed break long-term descending resistance line suffered sharp drop rejection . technical indicators suggest ...
38,TechBullion,"Dec 8, 2020","ceo weplay esports humeniuk talks industry , media holding company , hobbies",cardano . 1.4k . cryptocurrency . feburary ...
39,CryptoSlate,"Dec 12, 2020",takes make cardano ( ) obvious choice fortune 500 companies,"work voltaire , cardano 's governance , heavily underway . functionalities set see light day various times next year , ..."
40,newsbtc.com,"Nov 5, 2020",charted : cardano ( ) needs clear $ 0.10 hopes fresh rally,"cardano 's price correcting higher $ 0.0880 support . bitcoin price surging , must climb $ 0.0980 $ 0.1000 start strong rally ."
41,FXStreet,"Nov 20, 2020",cardano price prediction : regains crucial support network activity raises red flags,"cardano ( ) , 10th largest digital asset current market capitalization $ 3.4 billion , well recently . coin gained 3 % ..."
42,The Coin Radar,"Nov 1, 2020",analyst claims xrp room 100 % rally whales accumulate,bitcoin ( btc ) · ethereum ( eth ) · bitcoin cash ( bch ) · litecoin ( ltc ) · neo ( neo ) · ripple ( xrp ) · stellar · eos · cardano · tron · monero . industry . heatmap ...
43,Yahoo Finance Australia,"Oct 27, 2020",infinito wallet moonstake enable staking investment tools cardano community,"recent arrival cardano 's shelley explosive growth 's market value 50 % , infinito wallet continues steady support ..."
44,CoinJournal,"Oct 28, 2020",price analysis litecoin cardano october 28,litecoin cardano struggling time writing could rally higher bulls hold gains key levels . litecoin price . ltc/usd recently broke ...
45,Crypto News Flash,"Nov 22, 2020","cardano : update financial contracts , goguen , marlowe plutus","cardano : update financial contracts , goguen , marlowe plutus · iohk ceo charles hoskinson reveals continued collaboration runtime verification ..."
46,Crypto Briefing,"Oct 26, 2020",massive supply barrier keeping cardano prices breaking,cardano poised losses multiple technical indexes flashing sell signals support continues lose strength . n't miss market moving ...
47,The Cryptocurrency Analytics,"Oct 27, 2020",cardano ( ) decentralized voting system might world need change political outlook,"charles hoskinson cardano , presenting speech independent national convention , began laying important political history ..."
48,The Block,"Dec 18, 2020",cardano 'building bridges ' ethereum new kevm ...,"cardano 's smart contracts set fully launch coming months . platform promising scalable , flexible , secure , even ..."
49,BTCMANAGER,"Nov 24, 2020",cardano ( ) saving big announcements december ...,"cardano update community two products working within next 14 days , charles hoskinson–the lead input output hong kong ..."
50,AMBCrypto,"Dec 3, 2020",cardano : goguen rollout continues token locking update,"unlike hard forks , cardano handles hard fork automatically , without stopping block production . offered smooth up-gradation , allowing new features ..."
51,TWJ News,"Dec 25, 2020",cardano [ ] merry christmas ; bitcoin hits new ath,"crypto industry welcomed bulls market . cardano [ ] , xrp , litecoin [ ltc ] , well bitcoin cash [ bnb ] gaining big ."
52,FXStreet,"Nov 24, 2020",cardano price prediction : offer selling opportunity following 85 % breakout,"cardano price 60 % past five days , hitting new 2020-high $ 0.183 . · following massive rally , digital asset presenting bearish signs ..."
53,Cointelegraph,"Oct 2, 2020","cardano foundation preserve independence , says new ceo","said intends maintain foundation 's independence cardano 's founder iohk ceo , charles hoskinson , created structure ..."
54,CryptoSlate,"Nov 24, 2020",exploring idea interoperability cardano litecoin,"strong initiative make litecoin first blockchain cardano interact . set introduce native token functionality goguen , cardano already ..."
55,TWJ News,"Dec 15, 2020",cardano [ ] takes stroll bearish territory,"certain coins like cardano [ ] , bitcoin cash [ bch ] well binance coin [ bnb ] sync price movement king coin seen ..."
56,CriptoPasion,"Oct 10, 2020",revisión billetera criptomonedas jaxx,... ( etc ) ethereum ( eth ) gnosis ( gno ) iconomi ( icn ) melon ( mln ) augur ( rep ) tether ( usdt ) monero ( xmr ) ripple ( xrp ) zcash ( zec ) cardano ( ) ...
57,AMBCrypto,"Dec 16, 2020",cardano price analysis : 16 december,"cardano seems broken consolidation price slipped . however , coin trading $ 0.1514 press time recovery ..."
58,CryptoGlobe,"Oct 5, 2020",singularitynet announces partnership cardano creator iohk,-the collaboration utilize cardano 's network improve scale services . blockchain-based artificial intelligence ...
59,Crypto News Flash,"Oct 15, 2020",cardano : projects competing 2 million,"cardano effect presented 3 candidates project catalyst . · selected projects receive $ 250,000 2 million cardano fund2 ."
60,CryptoPotato,"Oct 11, 2020",cardano price analysis : soars 15 % past week – bulls continue higher ?,"cardano bounced support $ 0.0932 ( .5 fib retracement ) week , allowed surge 15 % . way , broke resistance ..."
61,The Coin Radar,"Oct 6, 2020","removes crypto hotspot tax blacklist , clearing path adoption",bitcoin ( btc ) · ethereum ( eth ) · bitcoin cash ( bch ) · litecoin ( ltc ) · neo ( neo ) · ripple ( xrp ) · stellar · eos · cardano · tron · monero . industry . heatmap ...
62,Investing.com,"Nov 28, 2020",cardano climbs 10 % bullish trade investing.com,"move upwards pushed cardano 's market cap $ 4.611490b , 0.91 % total cryptocurrency market cap . highest , cardano 's market cap ..."
63,AMBCrypto,"Dec 21, 2020",cardano price analysis : 21 december,"last 30 days interesting bullish standpoint cardano . 21 november 21 december , crypto-asset climbed ..."
64,The Coin Radar,"Nov 21, 2020",coinbase raked $ 14b new institutional assets since april,... eos · cardano · tron · monero . industry . heatmap · people blockchain · blockchain youtube twitter accounts follow 2021 · events · tutorials .
65,TechBullion,"Nov 2, 2020",blockchain technology real estate : interview barry lipscombe ceo founder contracoin,"... moynihan , founder ceo epic funds , epicenter ... cardano . 1.6k . cryptocurrency . feburary – march analysis cardano ( adausdt ) ."
66,Live Bitcoin News,"Dec 1, 2020",cardano ( ) price analysis : bulls aim crucial break $ 0.18,price likely rise sharply clears $ 0.1780 $ 0.1800 resistance levels . cardano price showing lot positive signs $ 0.1600 ...
67,Investing.com,"Dec 4, 2020",cardano falls 11 % rout investing.com,"move downwards pushed cardano 's market cap $ 4.679783b , 0.84 % total cryptocurrency market cap . highest , cardano 's market cap ..."
68,Crypto News Flash,"Oct 17, 2020",cardano : goguen foster adoption bring millions people,"cardano 's new features goguen . goguen bring expected features , smart contracts development decentralized applications ( ..."
69,CryptoSlate,"Dec 11, 2020",cardano handle native tokens platform,"understand cardano 's native token functionality change defi game , 's important know ethereum handles . namely , fungible ..."
70,Crypto Economy,"Nov 18, 2020",iohk introduces smash cardano ; new service managing metadata,managing metadata information cardano . node decentralization vital concepts cardano network . iohk believes stake pools ...
71,Crowdfund Insider,"Oct 10, 2020","blockchain platform cardano ’ marlowe language may used write financial contracts supporting p2p lending , use cases","blockchain platform cardano 's marlowe language may used write financial contracts supporting p2p lending , use cases ."
72,AMBCrypto,"Dec 21, 2020","cardano developers charge oracles 2021 , reveals hoskinson","following news partnership wolfram alpha , cardano founder charles hoskinson revealed cardano giving developers freedom ..."
73,Crypto News Flash,"Nov 25, 2020",cardano : iohk announces new delegation program,iohk withdraw staking pools except 1 december encourage decentralization cardano . 's new delegation strategy ...
74,CryptoSlate,1 month ago,"cardano founder says xrp “ security , ” ’ catch","however , cardano founder added , “ ripple security point life ? 'm sure fair argument could made. ” hoskinson , part ..."
75,Crypto News Flash,"Oct 11, 2020","cardano : iohk signs contract runtime verification , roadmap goguen released october","roadmap cardano 's goguen released october 29th iohk 's monthly product update . new , iohk ceo charles hoskinson ..."
76,The Cryptocurrency Analytics,"Nov 26, 2020",cardano ( ) leveling playfield shelley- opportunities smaller stake pools,"shelley 's main net brought staking stake pools cardano . since update , blockchain witnessed 1200 stake pools . though exciting ..."
77,FXStreet,"Dec 17, 2020",cardano price faces final resistance level full-blown rally towards $ 0.20,cardano price verge massive breakout entire market turned bullish . digital asset needs crack critical resistance level located $ 0.173 ...
78,AMBCrypto,1 month ago,cardano price analysis : 28 december,"cardano 's price recently dipped triangle pattern , however , brief moment price surged pattern continued . surge due ..."
79,Nasdaq,"Nov 2, 2020","canada stocks-tsx opens higher materials gains , upbeat manufacturing data","views opinions expressed herein views opinions author necessarily reflect nasdaq , inc. trending articles . cardano ..."
80,TWJ News,"Nov 8, 2020","chainlink , cardano , xrp technical analysis 8th november 2020","several altcoins chainlink , cardano , xrp underwent minor pullback tandem bitcoin 's brief depreciation $ 15k . global ..."
81,newsbtc.com,"Dec 13, 2020",cardano protocol hard forks preparation goguen upgrade,"cardano gears smart contracts . present , token cardano network . however , line ambitions become multi-asset ledger , ..."
82,CryptoNinjas,"Dec 17, 2020",korean crypto exchange korbit lists cardano ( ) token,digital asset blockchain platform cardano network . cardano developed haskell well known security . cardano developed ...
83,Investing.com UK,"Dec 24, 2020",explainer-a brexit trade deal last - ? reuters,"cryptocurrency leaders : cardano polkadot , four six hit ... andy hecht - feb 18 , 2021 1 · philip hopf · bitcoin & ethereum - technical ..."
84,Coindesk,"Dec 15, 2020","amid defi hacks , nervos cardano join forces improve smart contract security - coindesk",public chain projects nervos cardano jointly launched research initiative enhance security smart contracts improving unspent ...
85,FXStreet,"Dec 14, 2020","cryptocurrencies price prediction : bitcoin , stellar cardano – european wrap 14 december",cardano ( ) occupies 8th position global cryptocurrency market rating . coin changing hands $ 0.15 downside correction ...
86,Benzinga,"Nov 24, 2020","cardano , eos & chainlink - american wrap : 11/24/2020","cardano significant breakout november 20 critical resistance level established $ 0.112 . massive rally , digital asset shows ..."
87,newsbtc.com,"Nov 13, 2020",small cardano stake pool operators raise concerns parameter increase,"fully decentralizing cardano network 's primary objective . considering factors play , achieving mean feat . developers iohk must ..."
88,Yahoo Finance,"Nov 4, 2020",pakistan oil refining industry report 2020 - researchandmarkets.com,... dogecoin army recruit gene simmons turns cardano adherent — 's whydelay pfizer covid-19 vaccine 's 2nd inoculation boost supply ?
89,Yahoo Finance,"Nov 2, 2020",liveramp ( ramp ) report negative earnings next week ? know,... dogecoin army recruit gene simmons turns cardano adherent — 's whydelay pfizer covid-19 vaccine 's 2nd inoculation boost supply ?
90,Crypto News Flash,"Oct 4, 2020","cardano : 90 commercial deals pipeline , inquiries cbdc africa","cardano 's next , goguen , still schedule , although publication roadmap final dates delayed . iohk 90 potential commercial deals ..."
91,FXStreet,"Nov 6, 2020",cardano price faces last critical obstacle jump $ 0.13,"cardano 's price finally rise $ 0.112 ? daily chart , price cardano climbed 50-sma 200-sma , turning support ..."
92,Crypto News Flash,"Nov 26, 2020",cardano : hoskinson suggest dids solution new crypto-wallet regulation,"cardano offers decentralized identity solution . sense , inventor cardano responded “ regulations moving ” . words , ..."
93,TechBullion,"Oct 28, 2020","interview roberto casula , senior executive","... cryptocurrencies whole world ) 2020 , everyone thinks ... cardano . 1.5k . cryptocurrency . feburary – march analysis cardano ( adausdt ) ."
94,iNVEZZ,"Nov 4, 2020",cardano ( ) price struggling $ 0.10 resistance despite ongoing election uncertainty,attention investors focused currently us presidential elections price cardano advancing despite ongoing election uncertainty .
95,iNVEZZ,"Nov 10, 2020",cardano become privacy coin remain available banks,"sign-up invezz newsletter , today . gregaard spoke quite bit cardano 's important use cases , problems solved using project ..."
96,Smartereum,"Dec 15, 2020",cardano news today - cardano releases new roadmap spotting major headway adoption growth,cardano released latest roadmap upcoming goguen update ; roadmap shows lot progress terms ...
97,CryptoSlate,"Dec 16, 2020",cardano parent iohk partners nervos improve smart contract security,"iohk , company behind cardano , entered partnership nervos , multi-asset blockchain network based china . two jointly ..."
98,FXStreet,"Dec 16, 2020",cardano price analysis : could slide $ 0.14 major upswing,"cardano trading growing resistance following rejection triangle pattern 's descending trendline . upswing expected kick $ 0.14 , ..."
99,newsbtc.com,"Oct 23, 2020",hoskinson accuses wikipedia censorship following refusal list cardano,"'s , considering cardano 's scientific credentials , hoskinson believes play merely inadequate source data project . brief ..."
100,AMBCrypto,"Dec 22, 2020","cardano , monero , bat price analysis : 22 december",cardano long-term bullish outlook traded mid-range establishing sweeping key highs lows . yet short-term momentum ...
101,finanzen.net,"Oct 30, 2020",natwest-aktie gefragt : natwest rechnet kreditausfällen ...,... stellar · verge · dash · cardano · monero · kryptowährungen kaufen · bitcoin kaufen · ethereum kaufen · ripple kaufen · bitcoin cash kaufen · litecoin kaufen ...
102,Yahoo Finance,"Nov 17, 2020",paog publishes q3 rpt including pura kaly acquisitions - key step closer dividend distribution,... dogecoin army recruit gene simmons turns cardano adherent — 's whydelay pfizer covid-19 vaccine 's 2nd inoculation boost supply ?
103,CryptoSlate,"Dec 4, 2020",next goguen update brings token locking cardano : ’ mean,"next big protocol upgrade planned cardano bring token locking blockchain , feature prepare platform smart contracts ..."
104,Altcoin Buzz,"Dec 19, 2020","crypto market update : blockstack ( stx ) , chainlink ( link ) , cardano ( ) - technical analysis","crypto market update : blockstack ( stx ) , chainlink ( link ) , cardano ( ) . btc breaks ath reached high $ 23,500+ . altcoins start ..."
105,AMBCrypto,"Oct 12, 2020",cardano ’ goguen roadmap scheduled release late-october,"cardano 's goguen roadmap scheduled release late-october . samyuktha sriram . published . 4 months ago . . october 12 , ..."
106,FXStreet,"Oct 22, 2020",cardano price forecast : flashes sell signal bears get ready control,"cardano found support $ 0.076 support line bounced . press time , trading $ 0.107 consolidating 100-day sma ( $ 0.114 ) ..."
107,BeInCrypto,1 month ago,cardano ( ) shoots highest weekly close since 2018,cardano process moving long-term $ 0.166 resistance area . · following short-term ascending support line . · 's likely extended ...
108,AMBCrypto,"Dec 18, 2020","cardano , iota , digibyte price analysis : 18 december","cardano , iota , digibyte price analysis : 18 december . jibin george . published . 2 months ago . . december 18 , 2020 ."
109,Crypto Briefing,"Dec 18, 2020",cardano poised retrace 30 % breakout,"key takeaways . cardano gone prolonged consolidation period kicked late november . remains stagnant , momentum ..."
110,Crypto News Flash,"Oct 14, 2020",github : cardano ( ) first place ethereum ( eth ) btc,"according latest data github , cardano highest developer activity month . place 2 ranking ethereum , bitcoin follows ..."
111,Crypto Briefing,"Oct 14, 2020",litecoin step closer cardano partnership `` velvet fork '',"litecoin preparing work cardano `` velvet fork . '' fork add several features including cross-chain fund settlement , smart contracts , ..."
112,Crypto News Flash,"Nov 2, 2020",hoskinson : cardano support donald trump legal elections,charles hoskinson offered cardano 's support president donald trump order track elections safely legally blockchain .
113,CoinJournal,"Oct 2, 2020",etoro first platform bring staking cardano ( ) .,"etoro users cardano tron holders get monthly staking rewards . trading system payout automated fully incorporated , ..."
114,FXStreet,"Oct 15, 2020","cardano price prediction : eying potential bounce , according technicals",cardano showing signs bullish strength . digital asset already confirmed daily uptrend establishing higher low $ 0.0893 compared last ...
115,FXStreet,"Nov 27, 2020","cardano price could facing steeper correction , suggests technicals","cardano price climb level avoid another pullback . 1-hour chart , bounded inside seems bear flag , bearish ..."
116,Nasdaq,"Oct 28, 2020",buzz-u.s. stocks move-chefs ' warehouse ...,"views opinions expressed herein views opinions author necessarily reflect nasdaq , inc. trending articles . cardano ..."
117,CryptoSlate,"Dec 17, 2020",cardano announces integration wolfram alpha create new type oracle,"cardano n't first blockchain integrated wolfram 's computational technology knowledge base , partnership still represents major step ..."
118,CryptoSlate,"Nov 19, 2020",shift k-parameter marks next phase cardano ’ decentralization,"cardano 's k-parameter set increase 500 dec. 6 , drastically diminishing rewards large , oversaturated stake pools . sharp rise parameter ..."
119,FXStreet,"Dec 4, 2020",cardano price prepares 30 % dump technicals turn bearish,cardano trading inside ascending triangle 1-hour chart breakdown december 4. losing trendline support $ 0.158 digital ...
120,BTCMANAGER,"Nov 10, 2020",ergo launches oracle solution cardano ( ) foster ...,"ergo wrote : “ cardano 's oracles utilizing data provided ergo 's oracle pools . marek , cardano stake pool operator , built simple solution ..."
121,FXStreet,"Nov 17, 2020",cardano price forecast : cusp remarkable 26 % rally $ 0.132,cardano 's bulls swing back action . smart contract token trading $ 0.105 time writing . support $ 0.1 played crucial role ongoing ...
122,FXStreet,"Nov 12, 2020",cardano price forecast : consolidation prevail ahead significant breakout,cardano plans hold consolidation ahead 32 % breakout $ 0.36 . cardano launches new decentralized oracles blockchain interoperability ...
123,newsbtc.com,"Oct 28, 2020",hoskinson estimates march 2021 full decentralization cardano network,iohk ceo charles hoskinson hosted surprise recently announced reduction cardano 's “ ” ( decentralization ) parameter 0.5 .
124,Investing.com UK,"Dec 18, 2020",palladium seen besting 'rocking ' platinum 2021 rally,"cryptocurrency leaders : cardano polkadot , four six hit ... andy hecht - feb 18 , 2021 1 · pinchas cohen/investing.com · chart day : ..."
125,Yahoo Finance,"Oct 21, 2020",exclusive : american eagle outfitters spend $ 5 million retail associates ’ education,... dogecoin army recruit gene simmons turns cardano adherent — 's whydelay pfizer covid-19 vaccine 's 2nd inoculation boost supply ?
126,The Crimson Quarry,1 month ago,"hoosiers score blowout win illinois , 79-56","cardano-hillary 's scoring punch primary reason iu added transfer spring , yet 's taken time former atlantic-10 player year ..."
127,TWJ News,"Dec 9, 2020",cardano [ ] fend bears speeds towards bullish realm,"cardano [ ] xrp seen topping list biggest losers ongoing bear market . coins like litecoin [ ltc ] , well chainlink [ link ] , ..."
128,FXStreet,"Dec 23, 2020",cardano price must defend level chance jumping towards $ 0.17,"cardano lost 12-hour chart uptrend 's struggling defend critical support level $ 0.144 . although bears control short-term , bulls still ..."
129,CryptoNinjas,"Dec 3, 2020",iohk plans achieve future cardano smart contract compatibility programming languages,"kevm allows developers deploy smart contract cardano blockchain platform written solidity , programming language used implement smart ..."
130,Bankless Times,"Dec 18, 2020",smart contract development cardano begun : iohk ...,"deployed cardano , allowing users advantage lower fees , higher speeds , enhanced functionality formally verified security ."
131,Crypto Briefing,"Nov 8, 2020","new addresses joining cardano jumps 202 % , takes aim yearly highs","cardano 's price action contained within 200- 100-day moving average past two months . approaches critical resistance barrier , ..."
132,CryptoSlate,"Nov 13, 2020","introducing beefchain , rancher-to-retail supply chain traceability solution using cardano",cardano 's atala trace cherry top various traceability solutions employed beefchain . enabling consumers track origin meat ...
133,CoinJournal,"Dec 11, 2020",cardano ( ) price outlook suggests 23 % dump ...,"cardano 's current price 20-ema ( $ 0.143 ) 50-ema ( $ 0.148 ) . price levels previously anchored , offering stubborn ..."
134,FXStreet,"Nov 28, 2020","top 3 gainers week verge , cardano , vechain : shrug-off broad corrective trend",cardano looks north amid bullish technical setup . vechain buyers seize control amid bullish crossover . crypto markets witnessed massive volatility past ...
135,Asia Crypto Today,"Nov 3, 2020",piedao ? decentralized tokenized etfs,cardano ( ) : cardano 2020 · chainlink ( link ) : chainlink token ? enjin ( enj ) : enjin ? hackenai ( ) : hackenai ?
136,Decrypt,"Oct 1, 2020",etoro unveils staking-as-a-service cardano tron,"etoro unveiled staking service tron cardano · platform allows users easily stake trx . · plans support neo , tezos , eos , eth ..."
137,Cointelegraph,"Dec 12, 2020","africa future defi , argues cardano ’ charles hoskinson",ceo cardano developers iohk sees promising path towards defi adoption throughout world 's second-most populous continent . 12438 total views .
138,FXStreet,"Nov 26, 2020",cardano price prediction : must overcome massive supply barrier extend recovery,"cardano 's current market capitalization registered $ 4.2 billion , average daily trading volumes settled $ 2.3 billion . cardano bulls waiting ..."
139,Coinspeaker,"Dec 13, 2020",ada/usd analysis : cardano officialy ...,week cardano foundation streaming back back important updates . daedalus better stake pool ranking mechanism final ...
140,Forbes,"Oct 1, 2020",etoro announces staking cardano tron,"etoro started offering staking services cardano tron , addition revealed plans expand service several digital currencies ."
141,AMBCrypto,"Dec 16, 2020","monero , cardano , bat price analysis : 15 december",monero showed bullish sentiment market past weeks exhibited bearish divergence could see price dip slightly . cardano ...
142,CryptoSlate,"Nov 24, 2020","cardano introduces smash , new open-source stake pool metadata aggregation server","cardano introduces smash , new open-source stake pool metadata aggregation server . priyeshu garg · november 24 , 2020 5:25 pm utc · 2 read ."
143,Bitrates,"Dec 7, 2020","litecoin-only visa card launched , hard forks , eth ...",cardano set hard fork ahead goguen upgrade . coinbase approves xrp spark coin drop litecoin-only visa card launches .
144,The Coin Radar,"Dec 13, 2020",origin dollar compensation plan marks progressing maturation defi space,... eos · cardano · tron · monero . industry . heatmap · people blockchain · blockchain youtube twitter accounts follow 2021 · events · tutorials .
145,Benzinga,"Oct 15, 2020","cardano , eos , & btt - american wrap october 15","current market capitalization cardano $ 3.3 billion , gaining around $ 500 million past week significant surge . digital asset topped ..."
146,The Coin Radar,"Nov 12, 2020",ecb ’ lagarde ‘ hunch ’ digital euro launch 2-4 years,... eos · cardano · tron · monero . industry . heatmap · people blockchain · blockchain youtube twitter accounts follow 2021 · events · tutorials .
147,Investing.com UK,"Nov 27, 2020",uk 's capita exclusive talks firm montagu ess ...,"cryptocurrency leaders : cardano polkadot , four six hit ... andy hecht - feb 18 , 2021 1 · pinchas cohen/investing.com · chart day : ..."
148,FXStreet,"Nov 5, 2020",cardano price attempts slice massive supply barrier aiming $ 0.11,cardano price bounded 50-sma 200-sma daily chart . td sequential indicator presented buy signal suggests price ...
149,BTC-ECHO,"Oct 6, 2020",blockchain-identität defi : schlägt brücke ...,cardano . $ 1.0916.99 % · aave . $ 486.2410.72 % · stellar . $ 0.5261562.53 % · iota . $ 1.531.38 % · kurse · krypto kaufen · btc-echo logo btc-echo ...
150,Crypto News Flash,"Dec 1, 2020",cardano changing parameter – deadline stake pool swap expires today,delegators funds staking pool saturation greater 30 % advised move . full decentralization cardano becoming ...
151,Cointelegraph,"Oct 1, 2020",australian dev aims bring cardano payments shopify stores,shopify stores could soon allow users pay products cardano tokens new app removes payment intermediaries . 9921 total views .
152,Crypto Briefing,"Nov 23, 2020",cardano makes new yearly highs technicals warn potential correction,cardano 's price 50 % past four days demand skyrockets . n't miss market moving news .
153,Crypto News Flash,"Oct 20, 2020",cardano litecoin exploring cross-chain communication,"could made possible so-called 'velvet fork ' , investigations must first completed . crypto news flash already reported , cardano 's ..."
154,Hoosier Sports Report,"Nov 10, 2020",iu women ranked . 16 ap preseason poll,"25 , details final schedule still worked . cardano-hillary list . springfield , mass . — indiana redshirt junior guard nicole cardaño- ..."
155,FXStreet,"Dec 22, 2020","cryptocurrencies price prediction : ripple , dash & cardano – asian wrap 22 dec","cryptocurrencies price prediction : ripple , dash & cardano – asian wrap 22 dec. cryptos | 12/22/2020 4:21:21 gmt ..."
156,Yahoo Finance,"Nov 16, 2020",crunch bar launches new campaign introducing `` crunching '' across multiple platforms,... dogecoin army recruit gene simmons turns cardano adherent — 's whydelay pfizer covid-19 vaccine 's 2nd inoculation boost supply ?
157,AMBCrypto,"Dec 13, 2020",cardano initiates hard fork introduce token locking,"hard fork initiated cardano network hours ago , largely gone unnoticed , presumably due way executed ."
158,BTCMANAGER,"Oct 30, 2020",cardano releases new roadmap goguen launch ...,"popular blockchain platform cardano released roadmap upcoming network update , goguen . cardano research arm iohk made known ..."
159,Benzinga,"Nov 10, 2020","bitcoin , cardano & compound - american wrap : 11/10/2020","cardano price established robust resistance barrier $ 0.112 , upper boundary 12-hour ascending triangle . breakout ..."
160,Yahoo Finance,"Nov 12, 2020",supermicro scalable liquid-cooled supercomputing cluster deployed lawrence livermore national laboratory covid-19 research,... dogecoin army recruit gene simmons turns cardano adherent — 's whydelay pfizer covid-19 vaccine 's 2nd inoculation boost supply ?
161,CryptoSlate,1 month ago,pos cryptocurrencies cardano ( ) polkadot ( dot ) surge double digit percentages,"pos cryptocurrencies cardano ( ) polkadot ( dot ) surge double digit percentages . shaurya malwa · december 29 , 2020 1:01 pm utc · 2 read ."
162,CryptoSlate,"Nov 4, 2020","former consensys partner speaks leaderships cardano , ethereum , polkadot","blockchains like cardano catching , featuring lower ( read : negligible ) fees , fast transactions . fazel said regard , “ lot people ..."
163,Yahoo Finance,"Oct 9, 2020","tpg pace beneficial finance corp. completes $ 350,000,000 initial public offering",... dogecoin army recruit gene simmons turns cardano adherent — 's whydelay pfizer covid-19 vaccine 's 2nd inoculation boost supply ?
164,newsbtc.com,"Dec 10, 2020","charted : cardano ( ) showing signs fresh rally , 100 sma key","cardano 's price declined heavily towards $ 0.1300 correcting higher , similar bitcoin . must clear $ 0.1500 resistance 100 sma ( h4 ) ..."
165,Crypto News Flash,"Dec 26, 2020",emurgo : cardano adoption enterprises increase rapidly 2021,cardano foundation developed metadata connector allow enterprises leverage metadata commercial uses . cardano established reputable ...
166,Investing.com,"Dec 24, 2020",cardano climbs 10 % rally investing.com,"move upwards pushed cardano 's market cap $ 4.768656b , 0.74 % total cryptocurrency market cap . highest , cardano 's market cap ..."
167,Crowdfund Insider,"Oct 5, 2020",digital asset exchange bitfinex introduces staking rewards cardano ( ),"according cardano team , led founder charles hoskinson , distributed ledger tech ( dlt ) platform offers unique approach scaling ..."
168,The Daily Hodl,"Oct 19, 2020",litecoin cardano exploring ‘ velvet fork ’ partnership – ’ crypto collaboration could work,"july , cardano creator charles hoskinson invited litecoin foundation managing director charlie lee potentially collaborate testing cross-chain ..."
169,https://bitnewstoday.com/,"Oct 30, 2020",cardano achieve full decentralization march,iohk ceo charles hoskinson recently hosted conference announced decrease `` '' decentralization parameter 0.5. current ...
170,CryptoPotato,"Oct 1, 2020","surging 33 % week , ’ next cardano ? ( price analysis )",cardano dropped $ 0.125 early september initially reach support $ 0.087 ( .5 fib ) . coin eventually penetrated beneath level moved ...
171,FXStreet,"Dec 7, 2020",cardano price prediction : verge 30 % move ahead network upgrade,cardano ( ) sits 8th position global cryptocurrency market rating . coin hit multi-month high $ 0.194 november 24 retreated ...
172,CryptoSlate,"Dec 9, 2020",cardano still heavily developed blockchain github,latest data crypto data aggregator santiment shown cardano still number blockchain average daily development github .
173,Investing.com Polska,"Dec 9, 2020",szczepionka pfizer nie dla osób podatnych ostre reakcje ...,"kurs cardano podskoczył 20 % , podczas hossy · bitcoin 10 % w górę , podczas hossy · cardano 11 % w górę , podczas hossy . logowanie/darmowa rejestracja . 0 ."
174,CryptoNinjas,"Dec 14, 2020",iohk launches unique ‘ smart-contract-free ’ solution tokens cardano,"enables assets behave similar way cardano 's currency , , meaning projects advantage cardano 's speed , security , ..."
175,AMBCrypto,1 month ago,cardano price analysis : 30 december,"like many altcoins market , cardano witnessing drop upward momentum followed period consolidation . however , ..."
176,Nairametrics,"Dec 17, 2020",cardano bazooka 10 %,cardano type blockchain permits people receive send funds . · coin cryptocurrency . · uses cardano blockchain ...
177,AMBCrypto,"Dec 9, 2020",cardano price analysis : 9 december,"illustrated 1-hour chart , cardano 's recent drop came back descending triangle formation . pattern carries bearish implications even ..."
178,Cointelegraph,"Dec 11, 2020",first defi project cardano bridges polkadot,"2021 , allows decentralized applications built network ushers integration defi projects cardano 's ecosystem . iohk ceo charles ..."
179,CryptoPotato,"Dec 2, 2020","cardano price analysis : withdraws 2020 highs 7 % weekly decline , ’ next ?","bitcoin , declined 830 sat today . ada/usd – cardano drops slightly 2020 highs . key support levels : $ 0.155 , $ 0.146 , $ 0.14 . key ..."
180,Benzinga,"Oct 1, 2020","maker , cardano & litecoin - american wrap : 10/1/2020","cardano 's range-bound bullish bias recently ; however , digital asset may ready resume recovery amid steady flow ..."
181,CryptoSlate,"Dec 19, 2020",iohk put developers charge oracles cardano,recent announcement partnership wolfram alpha put cardano 's oracles spotlight . iohk 's ambitious plan blockchain ...
182,newsbtc.com,"Oct 4, 2020",cardano defi development full swing,"cardano looking improve ethereum . ethereum , biggest provider defi services , platform every blockchain wants emulate ."
183,FXStreet,"Nov 18, 2020","cardano network activity explodes , suggesting breakout underway","iomap shows price floating key support area . since beginning october , cardano fluctuating relatively narrow band struggling make ..."
184,Yahoo Finance,"Nov 30, 2020",kb financial ( kb ) stock undervalued right ?,... dogecoin army recruit gene simmons turns cardano adherent — 's whydelay pfizer covid-19 vaccine 's 2nd inoculation boost supply ?
185,Coindesk,"Oct 1, 2020",etoro offer staking rewards holders tron cardano - coindesk,"trading platform announced thursday service , first offer staking cardano 's native token , go live later month . etoro ..."
186,FXStreet,"Oct 10, 2020",cardano price prediction : 100-dma level beat bulls,"bullish momentum likely persist week ahead . amid broad recovery seen across crypto markets past week , cardano ( ada/usd ) left ..."
187,Cointelegraph,"Oct 30, 2020","future elections could held cardano blockchain , says hoskinson",hoskinson acknowledged road cardano-based elections would gradual require number experiments . suggested could start ...
188,iNVEZZ,"Oct 3, 2020",cardano ( ) might become way pay shopify stores,crypto users might soon able use cardano ( ) make direct payments shopify-based stores . · new function become available app ...
189,Cointelegraph,"Dec 4, 2020",upcoming cardano hard fork introduce 'token locking ' ahead goguen,"launched 2017 charles hoskinson , cardano dubbed proponents “ ethereum killer ” scaling capacity advanced smart contract ..."
190,CryptoSlate,1 month ago,governance 2021 : future holds cardano ( ),"year taking cardano 's training wheels . looking back 2020 , projects managed evolve much cardano . ..."
191,Crypto News Flash,"Oct 9, 2020",cardano : ’ marlowe better defi ethereum ’ solidity,"cardano 's domain specific language “ marlowe ” , according iohk , better defi applications ethereum 's solidity . marlowe “ industrial scale ” ..."
192,CoinJournal,"Nov 9, 2020",cardano price recovers $ 0.10 bulls target breakout ...,cardano 's ( ) token trading around $ 0.104 us dollar crossed support barrier provided 100-day simple moving ...
193,Altcoin Buzz,"Dec 17, 2020",cardano releases update native tokens - product release & updates,cardano 's mechanism native tokenization . cardano introduced approach whereby tokens handled natively . implies logic ...
194,Crypto News Flash,"Oct 28, 2020","cardano reaches important milestone reduces parameter 0,5","block production three components iohk highlighted achieve cardano 's decentralization . parameter equal 0 , full ..."
195,Crypto News Flash,"Dec 16, 2020",cardano ’ iohk nervos form “ global utxo alliance ”,iohk nervos conduct joint research improve utxo transaction verification model cardano . partners create universal standard ...
196,AMBCrypto,"Nov 9, 2020",‘ complete privacy coin ’ ideal banks looking hold cardano [ ],"according cardano foundation exec , important use cases problems solved using cardano area financial services ..."
197,Decrypt,"Oct 10, 2020",cardano 's 12 % price surge leaves top cryptocurrencies dust,cardano 's 12 % price surge leaves top cryptocurrencies dust . cardano stormed ahead top ten cryptocurrencies market cap end-of- ...
198,The Market Periodical,"Nov 27, 2020",cardano introducing new delegation program ...,"cardano opened new world staking delegation shelley 's deployment mainnet july . tim harrison , marketing director input output ..."
199,Crowdfund Insider,1 month ago,cardano ( ) joins bitcoin ( btc ) ethereum ( eth ) integrating wolfram computational intelligence engine,claim “ greatly expands cardano 's ability offer new ways developers integrate advanced external information smart contacts. ” iohk ...
200,FXStreet,"Dec 5, 2020",cardano price analysis : upswing could potentially hit $ 2.4,cardano getting ready 37 % upswing $ 2.4 x-axis resistance broken . ada/usd confirm bullish outlook closes day 50 ...
201,Live Bitcoin News,"Oct 27, 2020","cardano ( ) price analysis : holding support , facing major hurdles",price could either rally $ 0.1055 resistance might revisit $ 0.1000 support . cardano price trading key hurdles near $ 0.1055 ...
202,Crypto Briefing,"Dec 8, 2020","staking etoro : guide earning cardano , tron","etoro offers convenient trading platform , users earn staking various cryptocurrencies like cardano tron . shutterstock cover ..."
203,CryptoSlate,"Nov 25, 2020",major announcements cardano set place year,"progress continues made cardano . according hoskinson , november continued trend hiring iohk—he said company ..."
204,Crypto Briefing,"Oct 3, 2020",stake cardano tron etoro 's trading platform,crypto investors use etoro automatically earn staking rewards . platform currently supports cardano ( ) tron ( trx ) . exchanges ...
205,ihodl.com,"Nov 5, 2020",cardano sponsor adoption haskell language,"cryptocurrency ecosystem cardano officially become first sponsors haskell foundation , independent organization dedicated ..."
206,iNVEZZ,"Nov 25, 2020",cardano ( ) litecoin ( ltc ) plan bridge projects fork,cardano litecoin planning launch velvet fork would enable interoperability . discussions topic on-going ...
207,https://bitnewstoday.com/,"Oct 12, 2020",charles hoskinson : cardano 's goguen starts,"iohk ceo charles hoskinson spoke cardano 's ongoing successes , including partnership runtime verification . part partnership , ..."
208,Crypto News Flash,"Nov 12, 2020","cardano based beefchain tested 1,600 calves wyoming","new article forum , cardano foundation presented cardano blockchain based solution , beefchain . elliot hill writes ..."
209,Brave New Coin,"Oct 6, 2020",cardano price analysis - on-chain activity slumps proof ...,"cardano ( ) smart contract platform focused peer-review scientific study , marketed “ third generation blockchain. ” coin 92 % ..."
210,Investing.com India,"Dec 21, 2020",cardano falls 10.07 % bearish trade,"largest one-day percentage loss since thursday , november 26 , 2020. move downwards pushed cardano 's market cap $ 4.623455b , ..."
211,The Cryptocurrency Analytics,"Nov 18, 2020","cardano ( ) introduces beefchain track trace solution beef market- certainly , steaks ...","cardano ( ) introduces beefchain track trace solution beef market- certainly , steaks high . november 18 , 2020 ayobami abiola ..."
212,Coinspeaker,"Oct 2, 2020",social investment platform etoro announces staking rewards cardano tron ...,social investment platform etoro announces staking rewards cardano tron holders . oct 2 2020 · 09:07 utc steve muchoki · 3 read social ...
213,Crypto News Flash,"Nov 13, 2020",cardano : iohk provides update goguen ’ progress,updates cardano 's development progress made new format every 2 weeks . introduced new version ghc- 8.10 development ...
214,FXStreet,"Dec 11, 2020",cardano price prediction : eyes 25 % downswing bearish pattern confirms,"cardano dancing extreme edge cliff , likely fall price levels $ 0.1 . buy signal could appear 4-hour chart coming sessions , ..."
215,The Daily Hodl,"Oct 1, 2020",company behind robot sophia may shift ‘ significant portion ’ platform ethereum cardano,cardano 's thoroughly formalized functional programming foundations potential provide rich flexible basis implementing advanced aspects ...
216,CryptoSlate,"Nov 16, 2020",cardano ’ goguen update brings native tokens implementation better dev tools,"cardano 's goguen update brings native tokens implementation better dev tools . priyeshu garg · november 16 , 2020 10:00 pm utc · 2 read ."
217,Crypto News Flash,1 month ago,iota co-founder considers collaboration ‘ bridge ’ cardano,"part iota 's partnership pantos vienna , erc20 migration tool developed , similar cardano . dominik schiener rule ..."
218,newsbtc.com,"Oct 29, 2020",charted : cardano ( ) primed rally 1 thing holding back,"cardano 's price holding $ 0.0950 support level recovering higher . however , must surpass $ 0.1020 $ 0.1040 start fresh rally near ..."
219,Investing.com Polska,1 month ago,pandemia pomniejszy zysk pekao 40 % w 2020-po prezesa ...,"kurs cardano podskoczył 20 % , podczas hossy · bitcoin 10 % w górę , podczas hossy · cardano 11 % w górę , podczas hossy . logowanie/darmowa rejestracja . 0 ."
220,CryptoSlate,"Dec 23, 2020",iohk ’ new kevm devnet opens cardano ethereum developers,"company restarted kevm devnet program , enables ethereum virtual machine run cardano 's k-framework . cardano gearing ..."
221,newsbtc.com,"Nov 3, 2020",new contender emerges despite wikipedia ’ begrudging listing cardano,"kazemian spoke cardano 's recent experience , listing wikipedia page , representative main issue . , online encyclopedias ..."
222,Crypto Briefing,"Oct 21, 2020",investors disbelief cardano prepares break,key takeaways · cardano remains dormant price action capped 200 50-twelve-hour moving averages . · on-chain metrics shows breaking ...
223,newsbtc.com,"Oct 30, 2020",new cardano roadmap puts march 2021 date goguen mainet rollout,"iohk fired cardano community releasing details goguen roadmap yesterday . successful rollout shelley , many look goguen ..."
224,Live Bitcoin News,"Dec 22, 2020",cardano ( ) price analysis : downsides possible unless breaks $ 0.16,price could resume decline unless clear break $ 0.1600 $ 0.1620 . cardano price back $ 0.1600 support us ...
225,The Cryptocurrency Analytics,"Dec 7, 2020",cardano ( ) steers future : path full decentralization use cases,"cardano continues strong path full decentralization iohk delivered word . december 6th , projected , iohk announced shelley 's ..."
226,CryptoSlate,"Oct 6, 2020","cardano update : iohk fired defi , mobile clients daedalus , cbdcs","nonetheless , slow steady approach championed charles hoskinson , founder , ceo iohk , cardano 's parent company , almost never fails ..."
227,The Daily Hodl,"Nov 21, 2020",xrp price explodes 30 % sudden altcoin rally cardano stellar among biggest gainers,"xrp , cardano ( ) stellar ( xlm ) shaking crypto markets leading sudden altcoin rally . last 24 hours , xrp surged 30 % . time ..."
228,Nasdaq,"Nov 18, 2020",canada stocks-tsx edges higher open energy support,"views opinions expressed herein views opinions author necessarily reflect nasdaq , inc. trending articles . cardano ..."
229,CryptoSlate,"Nov 28, 2020",crypto bull run returns 25 % cardano ( ) rally,"aforementioned , cardano 's native coin likely benefiting return certain market participants acclimated bidding certain group ..."
